﻿<?xml version="1.0" encoding="utf-8"?>
<ImportExportXml xmlns:xsi="http://www.w3.org/2001/XMLSchema-instance">
  <Entities />
  <Roles />
  <Workflows />
  <FieldSecurityProfiles />
  <Templates />
  <EntityMaps />
  <EntityRelationships />
  <OrganizationSettings />
  <optionsets />
  <CustomControls />
  <EntityDataProviders />
  <CanvasApps>
    <CanvasApp>
      <Name>ppa_mixedrealityapp_8c5e9</Name>
      <AppVersion>2023-11-16T13:33:10Z</AppVersion>
      <Status>Ready</Status>
      <CreatedByClientVersion>3.23105.18.0</CreatedByClientVersion>
      <MinClientVersion>3.23105.18.0</MinClientVersion>
      <Tags>{"primaryDeviceWidth":"640","primaryDeviceHeight":"1136","supportsPortrait":"true","supportsLandscape":"true","primaryFormFactor":"Phone","publisherVersion":"3.23105.18","minimumRequiredApiVersion":"2.2.0","hasComponent":"true","hasUnlockedComponent":"false","isUnifiedRootApp":"false","sienaVersion":"20231116T040703Z-3.23105.18.0","showStatusBar":"false"}</Tags>
      <IsCdsUpgraded>0</IsCdsUpgraded>
      <GalleryItemId xsi:nil="true"></GalleryItemId>
      <BackgroundColor>RGBA(0,176,240,1)</BackgroundColor>
      <DisplayName>Mixed Reality App</DisplayName>
      <Description xsi:nil="true"></Description>
      <CommitMessage xsi:nil="true"></CommitMessage>
      <Publisher></Publisher>
      <AuthorizationReferences>[]</AuthorizationReferences>
      <ConnectionReferences>{"003c10bb-0e9a-4c4b-805d-593afc9cb727":{"id":"/providers/microsoft.powerapps/apis/shared_ppa-5fsmithsonian-203d-5f200500e0c6f4248b","displayName":"Smithsonian 3D","iconUri":"https://pafeblobprodcq.blob.core.windows.net/20231116t000000z5e45282e6fdb47e9a38d897b3f4022c0/ppa_5Fsmithsonian-203d_iconblob.Png?sv=2018-03-28&amp;sr=c&amp;sig=JbwbXkgBnn6lhIY5qHTijhfQjb6KXHOiTH3b99Vg4pI%3D&amp;se=2023-11-22T20%3A00%3A00Z&amp;sp=rl","dataSources":["Smithsonian3D"],"dependencies":[],"dependents":[],"parameterHints":{},"parameterHintsV2":{},"isOnPremiseConnection":false,"bypassConsent":false,"dataSets":{},"apiTier":"Standard","actions":["FileSearch"],"customApiLogicalName":"ppa_5Fsmithsonian-203d","isCustomApiSolutionAware":true},"f32e7612-ed9f-4143-a675-1597297c8a17":{"id":"/providers/microsoft.powerapps/apis/shared_excel","displayName":"Excel","iconUri":"https://connectoricons-prod.azureedge.net/releases/v1.0.1667/1.0.1667.3504/excel/icon.png","dataSources":["Occupants","Coral"],"dependencies":["1b45619a-d76a-4c86-a27f-ccb8c3ea3e8f"],"dependents":[],"parameterHints":{"1b45619a-d76a-4c86-a27f-ccb8c3ea3e8f":{"value":"fileSource"}},"parameterHintsV2":{"fileSource":{"value":"1b45619a-d76a-4c86-a27f-ccb8c3ea3e8f"}},"isOnPremiseConnection":false,"bypassConsent":false,"dataSets":{"b!dxmZ3eR6VkCAug5dZ5AP8AOAW_u9Df1BihicKXzxUDytbQJXkLSAQIcenilRG-by.01JJKWNAMDWE4DER4FBBF2RFWMU74F27DU":{"dataSources":{"Occupants":{"tableName":"Occupants"},"Coral":{"tableName":"Coral"}}}},"apiTier":"Standard","actions":["providers/PowerPlatform.Governance/Operations/Read"],"isCustomApiSolutionAware":false},"1b45619a-d76a-4c86-a27f-ccb8c3ea3e8f":{"id":"/providers/microsoft.powerapps/apis/shared_onedriveforbusiness","displayName":"OneDrive for Business","iconUri":"https://connectoricons-prod.azureedge.net/releases/v1.0.1656/1.0.1656.3432/onedriveforbusiness/icon.png","dataSources":[],"dependencies":[],"dependents":["f32e7612-ed9f-4143-a675-1597297c8a17"],"parameterHints":{},"parameterHintsV2":{},"isOnPremiseConnection":false,"bypassConsent":false,"dataSets":{},"apiTier":"Standard","isCustomApiSolutionAware":false}}</ConnectionReferences>
      <DatabaseReferences>{}</DatabaseReferences>
      <AppComponents>[]</AppComponents>
      <AppComponentDependencies>[{"appComponentName":"2e88179d732a402184a767c94eab038b","appName":"7f4b7f2c-06f0-4fd6-90bd-cce7144c9f51","appComponentLibraryName":"10486d5b-58b8-4ed2-a8fc-128adf462fab","appComponentLibraryVersion":"2023-11-16T03:39:13Z","appComponentLibraryLogicalName":"cat_powercatcomponentlibrary_0be3a","environmentName":"f095eeaf-52ad-eb5b-b15e-5dcd955046eb"},{"appComponentName":"44e7951b1fad4ad98126f8c108dd1e9f","appName":"7f4b7f2c-06f0-4fd6-90bd-cce7144c9f51","appComponentLibraryName":"10486d5b-58b8-4ed2-a8fc-128adf462fab","appComponentLibraryVersion":"2023-11-16T03:39:13Z","appComponentLibraryLogicalName":"cat_powercatcomponentlibrary_0be3a","environmentName":"f095eeaf-52ad-eb5b-b15e-5dcd955046eb"},{"appComponentName":"6da4b2f929d240969e49e05e10e720ce","appName":"7f4b7f2c-06f0-4fd6-90bd-cce7144c9f51","appComponentLibraryName":"10486d5b-58b8-4ed2-a8fc-128adf462fab","appComponentLibraryVersion":"2023-11-16T03:39:13Z","appComponentLibraryLogicalName":"cat_powercatcomponentlibrary_0be3a","environmentName":"f095eeaf-52ad-eb5b-b15e-5dcd955046eb"},{"appComponentName":"952d39d80fc84420b772a5058b19d909","appName":"7f4b7f2c-06f0-4fd6-90bd-cce7144c9f51","appComponentLibraryName":"10486d5b-58b8-4ed2-a8fc-128adf462fab","appComponentLibraryVersion":"2023-11-16T03:39:13Z","appComponentLibraryLogicalName":"cat_powercatcomponentlibrary_0be3a","environmentName":"f095eeaf-52ad-eb5b-b15e-5dcd955046eb"}]</AppComponentDependencies>
      <CanConsumeAppPass>1</CanConsumeAppPass>
      <CanvasAppType>0</CanvasAppType>
      <BypassConsent>0</BypassConsent>
      <AdminControlBypassConsent>0</AdminControlBypassConsent>
      <EmbeddedApp xsi:nil="true"></EmbeddedApp>
      <IntroducedVersion>1.0</IntroducedVersion>
      <CdsDependencies>{"cdsdependencies":[{"logicalname":"ppa_5Fsmithsonian-203d","componenttype":372,"componenttypeplatformname":"connector"},{"logicalname":"cat_powercatcomponentlibrary_0be3a","componenttype":300,"componenttypeplatformname":"CanvasApp"}]}</CdsDependencies>
      <IsCustomizable>1</IsCustomizable>
      <BackgroundImageUri>/CanvasApps/ppa_mixedrealityapp_8c5e9_BackgroundImageUri</BackgroundImageUri>
      <DocumentUri>/CanvasApps/ppa_mixedrealityapp_8c5e9_DocumentUri.msapp</DocumentUri>
    </CanvasApp>
  </CanvasApps>
  <Connectors>
    <Connector>
      <connectorid>8fdeedcc-b21b-4f9b-9041-b3c74267bf19</connectorid>
      <description></description>
      <displayname>Smithsonian 3D</displayname>
      <iconbrandcolor>#007ee5</iconbrandcolor>
      <name>ppa_5Fsmithsonian-203d</name>
      <connectortype>1</connectortype>
      <openapidefinition>/Connector/ppa_5Fsmithsonian-203d_openapidefinition.json</openapidefinition>
      <connectionparameters>/Connector/ppa_5Fsmithsonian-203d_connectionparameters.json</connectionparameters>
      <policytemplateinstances>/Connector/ppa_5Fsmithsonian-203d_policytemplateinstances.json</policytemplateinstances>
      <iconblob>/Connector/ppa_5Fsmithsonian-203d_iconblob.Png</iconblob>
    </Connector>
  </Connectors>
  <Languages>
    <Language>1046</Language>
  </Languages>
</ImportExportXml>